<?xml version="1.0" encoding="UTF-8"?>
<project-private xmlns="http://www.netbeans.org/ns/project-private/1">
    <editor-bookmarks xmlns="http://www.netbeans.org/ns/editor-bookmarks/2" lastBookmarkId="0"/>
    <open-files xmlns="http://www.netbeans.org/ns/projectui-open-files/2">
        <group>
            <file>file:/U:/Session%203/Diagnostique%20Numérique/Labo%204.5/Labo4.5.X/LCD_NHD.c</file>
            <file>file:/U:/Session%203/Diagnostique%20Numérique/Labo%204.5/Labo4.5.X/LCD_NHD.h</file>
            <file>file:/U:/Session%203/Diagnostique%20Numérique/Labo%204.5/Labo4.5.X/main.c</file>
        </group>
    </open-files>
</project-private>
